Nota Fiscal;Data Pagamento;Banco Recebedor;Receita 1;Valor 1;Receita 2;Valor 2;...
004.000;06/02/2019;CAIXA;ISS NOTA FISCAL AVULSA;56,81;TAXA SERV DIVERSOS - EMISSAO DE DAM;0,00
004.002;11/02/2019;BRADESCO;ISS NOTA FISCAL AVULSA;14,00;TAXA SERV DIVERSOS - EMISSAO DE DAM;0,00
004.004;12/02/2019;CAIXA;ISS NOTA FISCAL AVULSA;50,00;TAXA SERV DIVERSOS - EMISSAO DE DAM;0,00;ISS NOTA FISCAL AVULSA MULTA DE MORA;11,00
004.003;12/02/2019;CAIXA;ISS NOTA FISCAL AVULSA;100,00;TAXA SERV DIVERSOS - EMISSAO DE DAM;0,00;ISS NOTA FISCAL AVULSA MULTA DE MORA;12,55
004.005;14/02/2019;BRADESCO;ISS NOTA FISCAL AVULSA;300,00;TAXA SERV DIVERSOS - EMISSAO DE DAM;0,00
004.006;20/02/2019;CAIXA;ISS NOTA FISCAL AVULSA;3,00;TAXA SERV DIVERSOS - EMISSAO DE DAM;0,00
004.010;01/03/2019;CAIXA;ISS NOTA FISCAL AVULSA;32,50;TAXA SERV DIVERSOS - EMISSAO DE DAM;0,00
004.011;07/03/2019;CAIXA;ISS NOTA FISCAL AVULSA;48,66;TAXA SERV DIVERSOS - EMISSAO DE DAM;0,00
004.013;07/03/2019;CAIXA;ISS NOTA FISCAL AVULSA;62,50;TAXA SERV DIVERSOS - EMISSAO DE DAM;0,00
004.015;14/03/2019;CAIXA;ISS NOTA FISCAL AVULSA;118,50;TAXA SERV DIVERSOS - EMISSAO DE DAM;0,00
004.014;13/03/2019;CAIXA;ISS NOTA FISCAL AVULSA;81,00;TAXA SERV DIVERSOS - EMISSAO DE DAM;0,00;ISS NOTA FISCAL AVULSA MULTA DE MORA;1,06
004.019;27/03/2019;BRADESCO;ISS NOTA FISCAL AVULSA;21,50;TAXA SERV DIVERSOS - EMISSAO DE DAM;0,00
004.020;05/04/2019;CAIXA;ISS NOTA FISCAL AVULSA;38,23;TAXA SERV DIVERSOS - EMISSAO DE DAM;0,00
004.028;07/05/2019;CAIXA;ISS NOTA FISCAL AVULSA;55,00;TAXA SERV DIVERSOS - EMISSAO DE DAM;0,00
004.029;07/05/2019;CAIXA;ISS NOTA FISCAL AVULSA;125,00;TAXA SERV DIVERSOS - EMISSAO DE DAM;0,00
004.030;08/05/2019;CAIXA;ISS NOTA FISCAL AVULSA;50,00;TAXA SERV DIVERSOS - EMISSAO DE DAM;0,00
004.031;08/05/2019;CAIXA;ISS NOTA FISCAL AVULSA;50,00;TAXA SERV DIVERSOS - EMISSAO DE DAM;0,00
004.033;10/05/2019;CAIXA;ISS NOTA FISCAL AVULSA;100,00;TAXA SERV DIVERSOS - EMISSAO DE DAM;0,00;ISS NOTA FISCAL AVULSA MULTA DE MORA;0,99
004.034;14/05/2019;CAIXA;ISS NOTA FISCAL AVULSA;87,00;TAXA SERV DIVERSOS - EMISSAO DE DAM;0,00;ISS NOTA FISCAL AVULSA MULTA DE MORA;1,72
004.038;30/05/2019;CAIXA;ISS NOTA FISCAL AVULSA;17,50;TAXA SERV DIVERSOS - EMISSAO DE DAM;0,00
004.039;30/05/2019;CAIXA;ISS NOTA FISCAL AVULSA;20,00;TAXA SERV DIVERSOS - EMISSAO DE DAM;0,00
004.040;04/06/2019;CAIXA;ISS NOTA FISCAL AVULSA;44,56;TAXA SERV DIVERSOS - EMISSAO DE DAM;0,00;ISS NOTA FISCAL AVULSA MULTA DE MORA;4,41
004.041;04/06/2019;CAIXA;ISS NOTA FISCAL AVULSA;46,61;TAXA SERV DIVERSOS - EMISSAO DE DAM;0,00
004.043;05/06/2019;CAIXA;ISS NOTA FISCAL AVULSA;55,40;TAXA SERV DIVERSOS - EMISSAO DE DAM;0,00;ISS NOTA FISCAL AVULSA MULTA DE MORA;5,67
004.044;05/06/2019;CAIXA;ISS NOTA FISCAL AVULSA;26,50;TAXA SERV DIVERSOS - EMISSAO DE DAM;0,00;ISS NOTA FISCAL AVULSA MULTA DE MORA;2,71
004.045;06/06/2019;CAIXA;ISS NOTA FISCAL AVULSA;50,00;TAXA SERV DIVERSOS - EMISSAO DE DAM;0,00;ISS NOTA FISCAL AVULSA MULTA DE MORA;5,61
004.052;04/07/2019;BRADESCO;ISS NOTA FISCAL AVULSA;1.350,45;TAXA SERV DIVERSOS - EMISSAO DE DAM;0,00
004.053;05/07/2019;CAIXA;ISS NOTA FISCAL AVULSA;125,00;TAXA SERV DIVERSOS - EMISSAO DE DAM;0,00
004.057;26/07/2019;CAIXA;ISS NOTA FISCAL AVULSA;45,24;TAXA SERV DIVERSOS - EMISSAO DE DAM;0,00;ISS NOTA FISCAL AVULSA MULTA DE MORA;2,83
004.058;30/07/2019;BRADESCO;ISS NOTA FISCAL AVULSA;60,00;TAXA SERV DIVERSOS - EMISSAO DE DAM;0,00
004.061;02/08/2019;CAIXA;ISS NOTA FISCAL AVULSA;125,00;TAXA SERV DIVERSOS - EMISSAO DE DAM;0,00
004.059;02/08/2019;CAIXA;ISS NOTA FISCAL AVULSA;424,15;TAXA SERV DIVERSOS - EMISSAO DE DAM;0,00;ISS NOTA FISCAL AVULSA MULTA DE MORA;40,63
004.060;02/08/2019;CAIXA;ISS NOTA FISCAL AVULSA;424,15;TAXA SERV DIVERSOS - EMISSAO DE DAM;0,00
004.062;02/08/2019;CAIXA;ISS NOTA FISCAL AVULSA;60,23;TAXA SERV DIVERSOS - EMISSAO DE DAM;0,00
004.063;05/08/2019;CAIXA;ISS NOTA FISCAL AVULSA;150,00;TAXA SERV DIVERSOS - EMISSAO DE DAM;0,00;ISS NOTA FISCAL AVULSA MULTA DE MORA;15,36
004.064;05/08/2019;CAIXA;ISS NOTA FISCAL AVULSA;100,00;TAXA SERV DIVERSOS - EMISSAO DE DAM;0,00;ISS NOTA FISCAL AVULSA MULTA DE MORA;10,24
004.066;05/08/2019;CAIXA;ISS NOTA FISCAL AVULSA;350,00;TAXA SERV DIVERSOS - EMISSAO DE DAM;0,00
004.067;05/08/2019;CAIXA;ISS NOTA FISCAL AVULSA;400,00;TAXA SERV DIVERSOS - EMISSAO DE DAM;0,00
004.068;06/08/2019;CAIXA;ISS NOTA FISCAL AVULSA;17,50;TAXA SERV DIVERSOS - EMISSAO DE DAM;0,00
004.069;07/08/2019;CAIXA;ISS NOTA FISCAL AVULSA;125,00;TAXA SERV DIVERSOS - EMISSAO DE DAM;0,00;ISS NOTA FISCAL AVULSA MULTA DE MORA;13,62
004.070;07/08/2019;CAIXA;ISS NOTA FISCAL AVULSA;300,00;TAXA SERV DIVERSOS - EMISSAO DE DAM;0,00;ISS NOTA FISCAL AVULSA MULTA DE MORA;32,70
004.071;08/08/2019;CAIXA;ISS NOTA FISCAL AVULSA;200,00;TAXA SERV DIVERSOS - EMISSAO DE DAM;0,00;ISS NOTA FISCAL AVULSA MULTA DE MORA;23,78
004.072;08/08/2019;CAIXA;ISS NOTA FISCAL AVULSA;75,00;TAXA SERV DIVERSOS - EMISSAO DE DAM;0,00;ISS NOTA FISCAL AVULSA MULTA DE MORA;8,91
004.073;15/08/2019;CAIXA;ISS NOTA FISCAL AVULSA;7,50;TAXA SERV DIVERSOS - EMISSAO DE DAM;0,00
004.080;03/09/2019;CAIXA;ISS NOTA FISCAL AVULSA;7,50;TAXA SERV DIVERSOS - EMISSAO DE DAM;0,00
004.078;28/08/2019;CAIXA;ISS NOTA FISCAL AVULSA;147,74;TAXA SERV DIVERSOS - EMISSAO DE DAM;0,00;ISS NOTA FISCAL AVULSA MULTA DE MORA;8,77
004.081;03/09/2019;BRADESCO;ISS NOTA FISCAL AVULSA;200,00;TAXA SERV DIVERSOS - EMISSAO DE DAM;0,00
004.082;05/09/2019;CAIXA;ISS NOTA FISCAL AVULSA;51,44;TAXA SERV DIVERSOS - EMISSAO DE DAM;0,00
004.083;05/09/2019;CAIXA;ISS NOTA FISCAL AVULSA;17,50;TAXA SERV DIVERSOS - EMISSAO DE DAM;0,00
004.084;12/09/2019;CAIXA;ISS NOTA FISCAL AVULSA;6,00;TAXA SERV DIVERSOS - EMISSAO DE DAM;0,00
004.088;04/10/2019;CAIXA;ISS NOTA FISCAL AVULSA;51,08;TAXA SERV DIVERSOS - EMISSAO DE DAM;0,00
004.089;07/10/2019;CAIXA;ISS NOTA FISCAL AVULSA;17,50;TAXA SERV DIVERSOS - EMISSAO DE DAM;0,00
004.095;04/11/2019;CAIXA;ISS NOTA FISCAL AVULSA;39,84;TAXA SERV DIVERSOS - EMISSAO DE DAM;0,00
004.096;04/11/2019;CAIXA;ISS NOTA FISCAL AVULSA;6,00;TAXA SERV DIVERSOS - EMISSAO DE DAM;0,00
004.098;11/11/2019;CAIXA;ISS NOTA FISCAL AVULSA;17,50;TAXA SERV DIVERSOS - EMISSAO DE DAM;0,00;ISS NOTA FISCAL AVULSA MULTA DE MORA;0,11
004.100;22/11/2019;BRADESCO;ISS NOTA FISCAL AVULSA;15,00;TAXA SERV DIVERSOS - EMISSAO DE DAM;0,00
004.104;05/12/2019;CAIXA;ISS NOTA FISCAL AVULSA;53,64;TAXA SERV DIVERSOS - EMISSAO DE DAM;0,00
004.105;06/12/2019;BRADESCO;ISS NOTA FISCAL AVULSA;4,50;TAXA SERV DIVERSOS - EMISSAO DE DAM;0,00
004.106;09/12/2019;CAIXA;ISS NOTA FISCAL AVULSA;17,50;TAXA SERV DIVERSOS - EMISSAO DE DAM;0,00;ISS NOTA FISCAL AVULSA MULTA DE MORA;0,05
004.111;02/01/2020;CAIXA;ISS NOTA FISCAL AVULSA;19,00;TAXA SERV DIVERSOS - EMISSAO DE DAM;0,00
004.110;02/01/2020;BRADESCO;ISS NOTA FISCAL AVULSA;17,50;TAXA SERV DIVERSOS - EMISSAO DE DAM;0,00
004.112;03/01/2020;CAIXA;ISS NOTA FISCAL AVULSA;87,78;TAXA SERV DIVERSOS - EMISSAO DE DAM;0,00
004.113;06/01/2020;BRADESCO;ISS NOTA FISCAL AVULSA;9,00;TAXA SERV DIVERSOS - EMISSAO DE DAM;0,00
004.118;05/02/2020;CAIXA;ISS NOTA FISCAL AVULSA;64,58;TAXA SERV DIVERSOS - EMISSAO DE DAM;0,00
004.119;06/02/2020;CAIXA;ISS NOTA FISCAL AVULSA;6,00;TAXA SERV DIVERSOS - EMISSAO DE DAM;0,00
004.122;05/03/2020;CAIXA;ISS NOTA FISCAL AVULSA;53,36;TAXA SERV DIVERSOS - EMISSAO DE DAM;0,00
004.123;05/03/2020;BRADESCO;ISS NOTA FISCAL AVULSA;4,80;TAXA SERV DIVERSOS - EMISSAO DE DAM;0,00
004.127;18/03/2020;CAIXA;ISS NOTA FISCAL AVULSA;150,00;TAXA SERV DIVERSOS - EMISSAO DE DAM;0,00
004.128;18/03/2020;CAIXA;ISS NOTA FISCAL AVULSA;115,00;TAXA SERV DIVERSOS - EMISSAO DE DAM;0,00
004.129;18/03/2020;CAIXA;ISS NOTA FISCAL AVULSA;70,00;TAXA SERV DIVERSOS - EMISSAO DE DAM;0,00
004.130;18/03/2020;CAIXA;ISS NOTA FISCAL AVULSA;65,00;TAXA SERV DIVERSOS - EMISSAO DE DAM;0,00
004.132;20/03/2020;CAIXA;ISS NOTA FISCAL AVULSA;285,00;TAXA SERV DIVERSOS - EMISSAO DE DAM;0,00
004.131;20/03/2020;CAIXA;ISS NOTA FISCAL AVULSA;135,00;TAXA SERV DIVERSOS - EMISSAO DE DAM;0,00
004.136;08/04/2020;BRADESCO;ISS NOTA FISCAL AVULSA;18,86;TAXA SERV DIVERSOS - EMISSAO DE DAM;0,00
004.147;06/07/2020;CAIXA;ISS NOTA FISCAL AVULSA;76,88;TAXA SERV DIVERSOS - EMISSAO DE DAM;0,00
004.152;03/08/2020;CAIXA;ISS NOTA FISCAL AVULSA;66,50;TAXA SERV DIVERSOS - EMISSAO DE DAM;0,00
004.151;03/08/2020;CAIXA;ISS NOTA FISCAL AVULSA;30,00;TAXA SERV DIVERSOS - EMISSAO DE DAM;0,00
004.153;04/08/2020;CAIXA;ISS NOTA FISCAL AVULSA;3,27;TAXA SERV DIVERSOS - EMISSAO DE DAM;0,00;ISS NOTA FISCAL AVULSA MULTA DE MORA;0,32
004.154;04/08/2020;CAIXA;ISS NOTA FISCAL AVULSA;15,79;TAXA SERV DIVERSOS - EMISSAO DE DAM;0,00
004.155;05/08/2020;CAIXA;ISS NOTA FISCAL AVULSA;20,00;TAXA SERV DIVERSOS - EMISSAO DE DAM;0,00
004.156;07/08/2020;CAIXA;ISS NOTA FISCAL AVULSA;24,50;TAXA SERV DIVERSOS - EMISSAO DE DAM;0,00
004.157;07/08/2020;CAIXA;ISS NOTA FISCAL AVULSA;30,00;TAXA SERV DIVERSOS - EMISSAO DE DAM;0,00
004.162;01/09/2020;CAIXA;ISS NOTA FISCAL AVULSA;148,50;TAXA SERV DIVERSOS - EMISSAO DE DAM;0,00
004.163;02/09/2020;CAIXA;ISS NOTA FISCAL AVULSA;70,00;TAXA SERV DIVERSOS - EMISSAO DE DAM;0,00
004.164;04/09/2020;CAIXA;ISS NOTA FISCAL AVULSA;40,77;TAXA SERV DIVERSOS - EMISSAO DE DAM;0,00
004.167;23/09/2020;CAIXA;ISS NOTA FISCAL AVULSA;70,00;TAXA SERV DIVERSOS - EMISSAO DE DAM;0,00
004.169;05/10/2020;CAIXA;ISS NOTA FISCAL AVULSA;138,26;TAXA SERV DIVERSOS - EMISSAO DE DAM;0,00
004.170;05/10/2020;CAIXA;ISS NOTA FISCAL AVULSA;49,99;TAXA SERV DIVERSOS - EMISSAO DE DAM;0,00
004.172;20/10/2020;CAIXA;ISS NOTA FISCAL AVULSA;42,50;TAXA SERV DIVERSOS - EMISSAO DE DAM;0,00;ISS NOTA FISCAL AVULSA MULTA DE MORA;1,40
004.175;23/10/2020;CAIXA;ISS NOTA FISCAL AVULSA;70,00;TAXA SERV DIVERSOS - EMISSAO DE DAM;0,00
004.176;29/10/2020;CAIXA;ISS NOTA FISCAL AVULSA;156,80;TAXA SERV DIVERSOS - EMISSAO DE DAM;0,00
004.178;05/11/2020;CAIXA;ISS NOTA FISCAL AVULSA;49,56;TAXA SERV DIVERSOS - EMISSAO DE DAM;0,00
004.179;05/11/2020;CAIXA;ISS NOTA FISCAL AVULSA;81,25;TAXA SERV DIVERSOS - EMISSAO DE DAM;0,00
004.180;18/11/2020;CAIXA;ISS NOTA FISCAL AVULSA;125,00;TAXA SERV DIVERSOS - EMISSAO DE DAM;0,00
004.181;20/11/2020;CAIXA;ISS NOTA FISCAL AVULSA;35,55;TAXA SERV DIVERSOS - EMISSAO DE DAM;0,00
004.184;25/11/2020;CAIXA;ISS NOTA FISCAL AVULSA;70,00;TAXA SERV DIVERSOS - EMISSAO DE DAM;0,00
004.185;01/12/2020;CAIXA;ISS NOTA FISCAL AVULSA;177,55;TAXA SERV DIVERSOS - EMISSAO DE DAM;0,00
004.188;03/12/2020;CAIXA;ISS NOTA FISCAL AVULSA;82,50;TAXA SERV DIVERSOS - EMISSAO DE DAM;0,00
004.187;03/12/2020;CAIXA;ISS NOTA FISCAL AVULSA;67,50;TAXA SERV DIVERSOS - EMISSAO DE DAM;0,00
004.189;03/12/2020;CAIXA;ISS NOTA FISCAL AVULSA;64,95;TAXA SERV DIVERSOS - EMISSAO DE DAM;0,00
004.191;07/12/2020;BRADESCO;ISS NOTA FISCAL AVULSA;100,00;TAXA SERV DIVERSOS - EMISSAO DE DAM;0,00
004.190;07/12/2020;BRADESCO;ISS NOTA FISCAL AVULSA;125,00;TAXA SERV DIVERSOS - EMISSAO DE DAM;0,00
004.192;15/12/2020;CAIXA;ISS NOTA FISCAL AVULSA;41,25;TAXA SERV DIVERSOS - EMISSAO DE DAM;0,00;ISS NOTA FISCAL AVULSA MULTA DE MORA;0,95
004.193;15/12/2020;CAIXA;ISS NOTA FISCAL AVULSA;205,00;TAXA SERV DIVERSOS - EMISSAO DE DAM;0,00
004.195;17/12/2020;CAIXA;ISS NOTA FISCAL AVULSA;70,00;TAXA SERV DIVERSOS - EMISSAO DE DAM;0,00
004.194;17/12/2020;BRADESCO;ISS NOTA FISCAL AVULSA;175,00;TAXA SERV DIVERSOS - EMISSAO DE DAM;0,00
004.196;18/12/2020;CAIXA;ISS NOTA FISCAL AVULSA;90,00;TAXA SERV DIVERSOS - EMISSAO DE DAM;0,00
004.197;18/12/2020;CAIXA;ISS NOTA FISCAL AVULSA;125,00;TAXA SERV DIVERSOS - EMISSAO DE DAM;0,00
004.198;21/12/2020;CAIXA;ISS NOTA FISCAL AVULSA;60,00;TAXA SERV DIVERSOS - EMISSAO DE DAM;0,00
004.199;22/12/2020;CAIXA;ISS NOTA FISCAL AVULSA;74,85;TAXA SERV DIVERSOS - EMISSAO DE DAM;0,00
004.201;22/12/2020;CAIXA;ISS NOTA FISCAL AVULSA;140,00;TAXA SERV DIVERSOS - EMISSAO DE DAM;0,00
004.202;23/12/2020;CAIXA;ISS NOTA FISCAL AVULSA;45,00;TAXA SERV DIVERSOS - EMISSAO DE DAM;0,00
004.203;29/12/2020;CAIXA;ISS NOTA FISCAL AVULSA;108,52;TAXA SERV DIVERSOS - EMISSAO DE DAM;0,00
004.205;05/01/2021;CAIXA;ISS NOTA FISCAL AVULSA;48,39;TAXA SERV DIVERSOS - EMISSAO DE DAM;0,00
004.206;14/01/2021;CAIXA;ISS NOTA FISCAL AVULSA;150,00;TAXA SERV DIVERSOS - EMISSAO DE DAM;0,00
004.208;14/01/2021;CAIXA;ISS NOTA FISCAL AVULSA;100,00;TAXA SERV DIVERSOS - EMISSAO DE DAM;0,00
004.207;14/01/2021;CAIXA;ISS NOTA FISCAL AVULSA;100,00;TAXA SERV DIVERSOS - EMISSAO DE DAM;0,00
004.210;28/01/2021;CAIXA;ISS NOTA FISCAL AVULSA;201,04;TAXA SERV DIVERSOS - EMISSAO DE DAM;0,00
004.211;02/02/2021;CAIXA;ISS NOTA FISCAL AVULSA;5,77;TAXA SERV DIVERSOS - EMISSAO DE DAM;0,00
004.212;02/02/2021;CAIXA;ISS NOTA FISCAL AVULSA;70,00;TAXA SERV DIVERSOS - EMISSAO DE DAM;0,00
004.213;04/02/2021;CAIXA;ISS NOTA FISCAL AVULSA;50,35;TAXA SERV DIVERSOS - EMISSAO DE DAM;0,00
004.215;10/02/2021;BRADESCO;ISS NOTA FISCAL AVULSA;135,00;TAXA SERV DIVERSOS - EMISSAO DE DAM;0,00
004.216;10/02/2021;BRADESCO;ISS NOTA FISCAL AVULSA;125,00;TAXA SERV DIVERSOS - EMISSAO DE DAM;0,00
004.217;10/02/2021;BRADESCO;ISS NOTA FISCAL AVULSA;17,50;TAXA SERV DIVERSOS - EMISSAO DE DAM;0,00
004.219;02/03/2021;CAIXA;ISS NOTA FISCAL AVULSA;70,00;TAXA SERV DIVERSOS - EMISSAO DE DAM;0,00
004.220;04/03/2021;CAIXA;ISS NOTA FISCAL AVULSA;229,83;TAXA SERV DIVERSOS - EMISSAO DE DAM;0,00
004.221;05/03/2021;CAIXA;ISS NOTA FISCAL AVULSA;26,91;TAXA SERV DIVERSOS - EMISSAO DE DAM;0,00
004.224;31/03/2021;CAIXA;ISS NOTA FISCAL AVULSA;70,00;TAXA SERV DIVERSOS - EMISSAO DE DAM;0,00
