{
	"folders": {},
	"connections": {
		"microsoft-17bf0514a1d-4a5df52a2fa174ab": {
			"provider": "sqlserver",
			"driver": "microsoft",
			"name": "PROD STAGE",
			"save-password": true,
			"read-only": false,
			"configuration": {
				"host": "baseunica.database.windows.net",
				"port": "1433",
				"database": "stage",
				"url": "jdbc:sqlserver://;serverName=baseunica.database.windows.net;databaseName=stage",
				"type": "dev",
				"provider-properties": {
					"@dbeaver-authentication@": "SQL_SERVER_PASSWORD",
					"@dbeaver-show-all-schemas@": "false"
				}
			}
		},
		"microsoft-17bf4bbfcfc-24fad5ac6bc695bc": {
			"provider": "sqlserver",
			"driver": "microsoft",
			"name": "PROD LIMITE",
			"save-password": true,
			"read-only": false,
			"configuration": {
				"host": "backofficefortbrasil.database.windows.net",
				"port": "1433",
				"database": "dblimite",
				"url": "jdbc:sqlserver://;serverName=backofficefortbrasil.database.windows.net;databaseName=dblimite",
				"type": "dev",
				"provider-properties": {
					"@dbeaver-authentication@": "SQL_SERVER_PASSWORD",
					"@dbeaver-show-all-schemas@": "false"
				}
			}
		},
		"microsoft-17c13f25a01-6891778d3363246b": {
			"provider": "sqlserver",
			"driver": "microsoft",
			"name": "DEV LIMITE",
			"save-password": true,
			"read-only": false,
			"configuration": {
				"host": "192.168.1.89",
				"port": "1433",
				"database": "dblimite",
				"url": "jdbc:sqlserver://;serverName=192.168.1.89;databaseName=dblimite",
				"type": "dev",
				"provider-properties": {
					"@dbeaver-authentication@": "SQL_SERVER_PASSWORD",
					"@dbeaver-show-all-schemas@": "false"
				}
			}
		},
		"mysql8-17ca52e3ff4-47bad4be52736280": {
			"provider": "mysql",
			"driver": "mysql8",
			"name": "PROD API FORTBRASIL",
			"save-password": true,
			"read-only": false,
			"configuration": {
				"host": "api-fortbrasil.mysql.database.azure.com",
				"port": "3306",
				"database": "db_api_fortbrasil",
				"url": "jdbc:mysql://api-fortbrasil.mysql.database.azure.com:3306/db_api_fortbrasil",
				"home": "mysql_client",
				"type": "dev",
				"auth-model": "native"
			}
		},
		"mysql8-17ce651802b-a8c7026ef41040d": {
			"provider": "mysql",
			"driver": "mysql8",
			"name": "LOCAL API FORTBRASIL",
			"save-password": true,
			"read-only": false,
			"configuration": {
				"host": "localhost",
				"port": "3306",
				"url": "jdbc:mysql://localhost:3306/",
				"home": "mysql_client",
				"type": "dev",
				"auth-model": "native"
			}
		},
		"mysql8-17ce7589810-3d48385ff6cc0cba": {
			"provider": "mysql",
			"driver": "mysql8",
			"name": "DEVS API FORTBRASIL",
			"save-password": true,
			"read-only": false,
			"configuration": {
				"host": "192.168.1.89",
				"port": "3306",
				"database": "db_api_fortbrasil",
				"url": "jdbc:mysql://192.168.1.89:3306/db_api_fortbrasil",
				"home": "mysql_client",
				"type": "dev",
				"auth-model": "native"
			}
		},
		"microsoft-17d6c30c765-68742f880afcd450": {
			"provider": "sqlserver",
			"driver": "microsoft",
			"name": "stage",
			"save-password": true,
			"read-only": false,
			"configuration": {
				"host": "192.168.1.89",
				"port": "1433",
				"database": "stage",
				"url": "jdbc:sqlserver://;serverName=192.168.1.89;databaseName=stage",
				"type": "dev",
				"provider-properties": {
					"@dbeaver-authentication@": "SQL_SERVER_PASSWORD",
					"@dbeaver-show-all-schemas@": "false"
				}
			}
		},
		"postgres-jdbc-17de3061199-27ce8d050df3bbc1": {
			"provider": "postgresql",
			"driver": "postgres-jdbc",
			"name": "siam",
			"save-password": true,
			"read-only": false,
			"configuration": {
				"host": "teste.siamnet.com.br",
				"port": "5432",
				"database": "siam",
				"url": "jdbc:postgresql://teste.siamnet.com.br:5432/siam",
				"home": "postgresql_client",
				"type": "dev",
				"provider-properties": {
					"@dbeaver-show-non-default-db@": "false",
					"@dbeaver-show-template-db@": "false",
					"@dbeaver-show-unavailable-db@": "false",
					"show-database-statistics": "false",
					"@dbeaver-read-all-data-types-db@": "false",
					"@dbeaver-use-prepared-statements-db@": "false",
					"postgresql.dd.plain.string": "false",
					"postgresql.dd.tag.string": "false"
				},
				"auth-model": "native"
			}
		},
		"microsoft-17e2bf1fc6c-3f619b6a58a6e1e6": {
			"provider": "sqlserver",
			"driver": "microsoft",
			"name": "STAGE PROD USER",
			"save-password": true,
			"read-only": false,
			"configuration": {
				"host": "baseunica.database.windows.net",
				"port": "1433",
				"database": "stage",
				"url": "jdbc:sqlserver://;serverName=baseunica.database.windows.net;databaseName=stage",
				"type": "dev",
				"provider-properties": {
					"@dbeaver-authentication@": "SQL_SERVER_PASSWORD",
					"@dbeaver-show-all-schemas@": "true"
				}
			}
		}
	},
	"connection-types": {
		"dev": {
			"name": "Development",
			"color": "255,255,255",
			"description": "Regular development database",
			"auto-commit": true,
			"confirm-execute": false,
			"confirm-data-change": false,
			"auto-close-transactions": false
		}
	}
}