{"resources":{"Scripts/Script-1.sql":{"sql-editor-data-source-id":"mysql8-17ca52e3ff4-47bad4be52736280","default-datasource":"mysql8-17ca52e3ff4-47bad4be52736280","default-catalog":"db_api_fortbrasil"},"Scripts/Script-10.sql":{"default-schema":"dbo","sql-editor-data-source-id":"microsoft-17bf0514a1d-4a5df52a2fa174ab","default-datasource":"microsoft-17bf0514a1d-4a5df52a2fa174ab","default-catalog":"Stage"},"Scripts/Script-11.sql":{"sql-editor-data-source-id":"mysql8-17ca52e3ff4-47bad4be52736280","default-datasource":"mysql8-17ca52e3ff4-47bad4be52736280","default-catalog":"db_api_fortbrasil"},"Scripts/Script-12.sql":{"default-schema":"dbo","sql-editor-data-source-id":"microsoft-17d6c30c765-68742f880afcd450","default-datasource":"microsoft-17d6c30c765-68742f880afcd450","default-catalog":"Stage"},"Scripts/Script-13.sql":{"default-schema":"dbo","sql-editor-data-source-id":"microsoft-17e2bf1fc6c-3f619b6a58a6e1e6","default-datasource":"microsoft-17e2bf1fc6c-3f619b6a58a6e1e6","default-catalog":"Stage"},"Scripts/Script-14.sql":{"default-schema":"dbo","sql-editor-data-source-id":"microsoft-17d6c30c765-68742f880afcd450","default-datasource":"microsoft-17d6c30c765-68742f880afcd450","default-catalog":"Stage"},"Scripts/Script-15.sql":{"default-schema":"dbo","sql-editor-data-source-id":"microsoft-17bf0514a1d-4a5df52a2fa174ab","default-datasource":"microsoft-17bf0514a1d-4a5df52a2fa174ab","default-catalog":"Stage"},"Scripts/Script-16.sql":{"default-schema":"dbo","sql-editor-data-source-id":"microsoft-17d6c30c765-68742f880afcd450","default-datasource":"microsoft-17d6c30c765-68742f880afcd450","default-catalog":"Stage"},"Scripts/Script-17.sql":{"default-schema":"dbo","sql-editor-data-source-id":"microsoft-17bf0514a1d-4a5df52a2fa174ab","default-datasource":"microsoft-17bf0514a1d-4a5df52a2fa174ab","default-catalog":"Stage"},"Scripts/Script-18.sql":{"default-schema":"dbo","sql-editor-data-source-id":"microsoft-17d6c30c765-68742f880afcd450","default-datasource":"microsoft-17d6c30c765-68742f880afcd450","default-catalog":"dbservicosfinanceiros"},"Scripts/Script-19.sql":{"default-schema":"dbo","sql-editor-data-source-id":"microsoft-17bf0514a1d-4a5df52a2fa174ab","default-datasource":"microsoft-17bf0514a1d-4a5df52a2fa174ab","default-catalog":"Stage"},"Scripts/Script-2.sql":{"sql-editor-data-source-id":"mysql8-17ce651802b-a8c7026ef41040d","default-datasource":"mysql8-17ce651802b-a8c7026ef41040d","default-catalog":"db_api_fortbrasil"},"Scripts/Script-20.sql":{"sql-editor-data-source-id":"mysql8-17ca52e3ff4-47bad4be52736280","default-datasource":"mysql8-17ca52e3ff4-47bad4be52736280","default-catalog":"db_servicos"},"Scripts/Script-21.sql":{"sql-editor-data-source-id":"postgres-jdbc-17de3061199-27ce8d050df3bbc1","default-datasource":"postgres-jdbc-17de3061199-27ce8d050df3bbc1","default-catalog":"siam","default-schema":"public"},"Scripts/Script-22.sql":{"sql-editor-data-source-id":"postgres-jdbc-17de3061199-27ce8d050df3bbc1","default-datasource":"postgres-jdbc-17de3061199-27ce8d050df3bbc1","default-catalog":"siam","default-schema":"public"},"Scripts/Script-23.sql":{"sql-editor-data-source-id":"postgres-jdbc-17de3061199-27ce8d050df3bbc1","default-datasource":"postgres-jdbc-17de3061199-27ce8d050df3bbc1","default-catalog":"siam","default-schema":"public"},"Scripts/Script-24.sql":{"sql-editor-data-source-id":"postgres-jdbc-17de3061199-27ce8d050df3bbc1","default-datasource":"postgres-jdbc-17de3061199-27ce8d050df3bbc1","default-catalog":"siam","default-schema":"public"},"Scripts/Script-25.sql":{"sql-editor-data-source-id":"postgres-jdbc-17de3061199-27ce8d050df3bbc1","default-datasource":"postgres-jdbc-17de3061199-27ce8d050df3bbc1","default-catalog":"siam","default-schema":"public"},"Scripts/Script-26.sql":{"sql-editor-data-source-id":"postgres-jdbc-17de3061199-27ce8d050df3bbc1","default-datasource":"postgres-jdbc-17de3061199-27ce8d050df3bbc1","default-catalog":"siam","default-schema":"public"},"Scripts/Script-27.sql":{"sql-editor-data-source-id":"postgres-jdbc-17de3061199-27ce8d050df3bbc1","default-datasource":"postgres-jdbc-17de3061199-27ce8d050df3bbc1","default-catalog":"siam","default-schema":"public"},"Scripts/Script-28.sql":{"sql-editor-data-source-id":"postgres-jdbc-17de3061199-27ce8d050df3bbc1","default-datasource":"postgres-jdbc-17de3061199-27ce8d050df3bbc1","default-catalog":"siam","default-schema":"public"},"Scripts/Script-29.sql":{"sql-editor-data-source-id":"postgres-jdbc-17de3061199-27ce8d050df3bbc1","default-datasource":"postgres-jdbc-17de3061199-27ce8d050df3bbc1","default-catalog":"siam","default-schema":"public"},"Scripts/Script-3.sql":{"sql-editor-data-source-id":"mysql8-17ca52e3ff4-47bad4be52736280","default-datasource":"mysql8-17ca52e3ff4-47bad4be52736280","default-catalog":"db_api_fortbrasil"},"Scripts/Script-30.sql":{"sql-editor-data-source-id":"postgres-jdbc-17de3061199-27ce8d050df3bbc1","default-datasource":"postgres-jdbc-17de3061199-27ce8d050df3bbc1","default-catalog":"siam","default-schema":"public"},"Scripts/Script-31.sql":{"sql-editor-data-source-id":"postgres-jdbc-17de3061199-27ce8d050df3bbc1","default-datasource":"postgres-jdbc-17de3061199-27ce8d050df3bbc1","default-catalog":"siam","default-schema":"public"},"Scripts/Script-4.sql":{"sql-editor-data-source-id":"mysql8-17ce7589810-3d48385ff6cc0cba","default-datasource":"mysql8-17ce7589810-3d48385ff6cc0cba","default-catalog":"db_api_fortbrasil"},"Scripts/Script-5.sql":{"default-schema":"dbo","sql-editor-data-source-id":"microsoft-17c13f25a01-6891778d3363246b","default-datasource":"microsoft-17c13f25a01-6891778d3363246b","default-catalog":"Stage"},"Scripts/Script-6.sql":{"default-schema":"dbo","sql-editor-data-source-id":"microsoft-17bf0514a1d-4a5df52a2fa174ab","default-datasource":"microsoft-17bf0514a1d-4a5df52a2fa174ab","default-catalog":"Stage"},"Scripts/Script-7.sql":{"default-schema":"dbo","sql-editor-data-source-id":"microsoft-17bf0514a1d-4a5df52a2fa174ab","default-datasource":"microsoft-17bf0514a1d-4a5df52a2fa174ab","default-catalog":"Stage"},"Scripts/Script-8.sql":{"default-schema":"dbo","sql-editor-data-source-id":"microsoft-17bf0514a1d-4a5df52a2fa174ab","default-datasource":"microsoft-17bf0514a1d-4a5df52a2fa174ab","default-catalog":"Stage"},"Scripts/Script-9.sql":{"sql-editor-data-source-id":"mysql8-17ca52e3ff4-47bad4be52736280","default-datasource":"mysql8-17ca52e3ff4-47bad4be52736280","default-catalog":"db_api_fortbrasil"},"Scripts/Script.sql":{"default-schema":"dbo","sql-editor-data-source-id":"microsoft-17bf0514a1d-4a5df52a2fa174ab","default-datasource":"microsoft-17bf0514a1d-4a5df52a2fa174ab","default-catalog":"Stage"}}}